Code Smell,Code Snippet ID,Severity,
Large Class,Aseprite.AsepriteAnimation,0,
Large Class,Aseprite.AsepriteCel,0,
Large Class,Aseprite.AsepriteFile,2,
Large Class,Aseprite.AsepriteFrame,0,
Large Class,Aseprite.AsepriteImporter,0,
Large Class,Aseprite.AsepriteLayer,0,
Large Class,Aseprite.AsepriteProcessor,0,
Large Class,Aseprite.AsepriteReader,0,
Large Class,Aseprite.AsepriteTag,0,
Large Class,Aseprite.AsepriteWriter,0,
Large Class,Aseprite.AudioFile,0,
Large Class,Aseprite.AudioImporter,0,
Large Class,Aseprite.AudioProcessor,0,
Large Class,Aseprite.AudioReader,0,
Large Class,Aseprite.AudioWriter,0,
Large Class,Aseprite.Calc,0,
Large Class,Aseprite.ProcessedAseprite,0,
Large Class,BurningKnight.assets.CommonAse,0,
Large Class,BurningKnight.assets.Dialogs,0,
Large Class,BurningKnight.assets.Font,0,
Large Class,BurningKnight.assets.ImGuiHelper,2,
Large Class,BurningKnight.assets.Palette,0,
Large Class,BurningKnight.assets.Shaders,0,
Large Class,BurningKnight.BK,0,
Large Class,BurningKnight.debug.BiomeCommand,0,
Large Class,BurningKnight.debug.BuffCommand,0,
Large Class,BurningKnight.debug.CheatWindow,0,
Large Class,BurningKnight.debug.Console,1,
Large Class,BurningKnight.debug.ConsoleCommand,0,
Large Class,BurningKnight.debug.DebugCommand,0,
Large Class,BurningKnight.debug.DieCommand,0,
Large Class,BurningKnight.debug.EntityCommand,0,
Large Class,BurningKnight.debug.ExploreCommand,0,
Large Class,BurningKnight.debug.GiveCommand,0,
Large Class,BurningKnight.debug.GodModeCommand,0,
Large Class,BurningKnight.debug.HappeningCommand,0,
Large Class,BurningKnight.debug.HealCommand,0,
Large Class,BurningKnight.debug.HurtCommand,0,
Large Class,BurningKnight.debug.LevelCommand,0,
Large Class,BurningKnight.debug.LevelLayerDebug,0,
Large Class,BurningKnight.debug.LootTableEditor,1,
Large Class,BurningKnight.debug.PassableCommand,0,
Large Class,BurningKnight.debug.PoolEditor,1,
Large Class,BurningKnight.debug.SaveCommand,0,
Large Class,BurningKnight.debug.SpawnCommand,0,
Large Class,BurningKnight.debug.TileCommand,0,
Large Class,BurningKnight.debug.ZoomCommand,0,
Large Class,BurningKnight.entity.BlankMaker,0,
Large Class,BurningKnight.entity.creature.player.HeartsComponent,1,
Large Class,BurningKnight.entity.creature.player.Player.DuckState,0,
Large Class,BurningKnight.entity.creature.player.Player.PostRollState,0,
Large Class,BurningKnight.entity.creature.player.PlayerInputComponent,2,
Large Class,BurningKnight.entity.Cursor,1,
Large Class,BurningKnight.entity.door.ConditionLock,0,
Large Class,BurningKnight.entity.door.HeadDoor,1,
Large Class,BurningKnight.entity.door.ScourgedDoor,1,
Large Class,BurningKnight.entity.door.VerticalShopDoor,0,
Large Class,BurningKnight.entity.events.BuffRemovedEvent,0,
Large Class,BurningKnight.entity.events.ConsumableRemovedEvent,0,
Large Class,BurningKnight.entity.events.DiedEvent,0,
Large Class,BurningKnight.entity.events.ItemCheckEvent,0,
Large Class,BurningKnight.entity.events.MobTargetChange,0,
Large Class,BurningKnight.entity.events.ProjectileCreatedEvent,0,
Large Class,BurningKnight.entity.events.QuackEvent,0,
Large Class,BurningKnight.entity.events.SaveStartedEvent,0,
Large Class,BurningKnight.entity.events.SecretRoomFoundEvent,0,
Large Class,BurningKnight.entity.ExplosionMaker,1,
Large Class,BurningKnight.entity.fx.Firefly,1,
Large Class,BurningKnight.entity.item.ItemGraphicsComponent,1,
Large Class,BurningKnight.entity.item.renderer.ItemRenderer,2,
Large Class,BurningKnight.entity.item.use.GiveBuffImmunityUse,0,
Large Class,BurningKnight.entity.item.use.GiveWeaponUse,0,
Large Class,BurningKnight.entity.item.use.MakeBombsHomeUse,0,
Large Class,BurningKnight.entity.item.use.MakeProjectileExpandUse,0,
Large Class,BurningKnight.entity.item.use.ModifyActiveChargeUse,0,
Large Class,BurningKnight.entity.item.use.ModifyGameSaveValueUse,0,
Large Class,BurningKnight.entity.item.use.ModifyManaUse,0,
Large Class,BurningKnight.entity.item.use.RandomActiveUse,0,
Large Class,BurningKnight.entity.Layers,0,
Large Class,BurningKnight.entity.Lego,0,
Large Class,BurningKnight.entity.pc.Controller,0,
Large Class,BurningKnight.entity.projectile.pattern.KeepShapePattern,0,
Large Class,BurningKnight.entity.RenderTrigger,0,
Large Class,BurningKnight.entity.RenderTriggerManager,0,
Large Class,BurningKnight.entity.room.controllable.platform.MovingPlatform.MovingState,1,
Large Class,BurningKnight.entity.room.controllable.Support,0,
Large Class,BurningKnight.entity.room.controllable.Support.StartedSupportingEvent,0,
Large Class,BurningKnight.entity.room.controllable.turret.Turret,2,
Large Class,BurningKnight.entity.room.controller.ChallengeRoomController,1,
Large Class,BurningKnight.entity.room.controller.TimedPistonSwitchController,0,
Large Class,BurningKnight.entity.room.input.Button.OnState,0,
Large Class,BurningKnight.entity.room.input.Lever.OnState,0,
Large Class,BurningKnight.entity.room.input.PreasurePlate.OffState,0,
Large Class,BurningKnight.entity.SpawnPoint,0,
Large Class,BurningKnight.entity.twitch.happening.BombingHappening,0,
Large Class,BurningKnight.entity.twitch.happening.GiveShieldHappening,0,
Large Class,BurningKnight.entity.twitch.happening.HappeningRegistry,0,
Large Class,BurningKnight.entity.twitch.TwitchExit,1,
Large Class,BurningKnight.Events,0,
Large Class,BurningKnight.level.biome.CastleBiome,0,
Large Class,BurningKnight.level.Chasm,0,
Large Class,BurningKnight.level.ChasmBodyComponent,1,
Large Class,BurningKnight.level.DoorPlaceholder,0,
Large Class,BurningKnight.level.entities.chest.TreasureChest,0,
Large Class,BurningKnight.level.entities.chest.TripleChest,0,
Large Class,BurningKnight.level.entities.decor.GrannyDecor,0,
Large Class,BurningKnight.level.entities.exit.ShortcutExit,0,
Large Class,BurningKnight.level.entities.HiddenEntrance,1,
Large Class,BurningKnight.level.entities.machine.VendingMachine.BrokenEvent,0,
Large Class,BurningKnight.level.entities.plant.Plant,0,
Large Class,BurningKnight.level.Flag,0,
Large Class,BurningKnight.level.HalfProjectileBodyComponent,0,
Large Class,BurningKnight.level.HalfProjectileLevel,0,
Large Class,BurningKnight.level.HalfWall,0,
Large Class,BurningKnight.level.HalfWallBodyComponent,0,
Large Class,BurningKnight.level.Level,3,
Large Class,BurningKnight.level.LevelBodyComponent,1,
Large Class,BurningKnight.level.LevelTiler,1,
Large Class,BurningKnight.level.Painter,3,
Large Class,BurningKnight.Settings,1,
Large Class,BurningKnight.Tags,1,
Large Class,Desktop.DesktopApp,0,
Large Class,Desktop.Program,0,
Large Class,DvdLib.Ifo.Cell,0,
Large Class,DvdLib.Ifo.Dvd,1,
Large Class,Emby.Dlna.Configuration.DlnaOptions,0,
Large Class,Emby.Dlna.ConnectionManager.ConnectionManagerService,0,
Large Class,Emby.Dlna.ConnectionManager.ControlHandler,0,
Large Class,Emby.Dlna.Didl.DidlBuilder,3,
Large Class,Emby.Dlna.Didl.DidlBuilder.ImageDownloadInfo,0,
Large Class,Emby.Naming.AudioBook.AudioBookFileInfo,0,
Large Class,Emby.Naming.Common.NamingOptions,1,
Large Class,Emby.Naming.Subtitles.SubtitleInfo,0,
Large Class,Emby.Naming.TV.SeasonPathParser,1,
Large Class,Emby.Naming.Video.CleanDateTimeParser,0,
Large Class,Emby.Naming.Video.Format3DParser,0,
Large Class,Emby.Naming.Video.VideoInfo,0,
Large Class,Emby.Notifications.CoreNotificationTypes,0,
Large Class,Emby.Notifications.NotificationEntryPoint,2,
Large Class,Emby.Server.Implementations.AppBase.BaseApplicationPaths,0,
Large Class,Emby.Server.Implementations.AppBase.BaseConfigurationManager,2,
Large Class,Emby.Server.Implementations.Channels.RefreshChannelsScheduledTask,0,
Large Class,Emby.Server.Implementations.Collections.CollectionImageProvider,0,
Large Class,Emby.Server.Implementations.Cryptography.CryptographyProvider,0,
Large Class,Emby.Server.Implementations.Data.BaseSqliteRepository,1,
Large Class,Emby.Server.Implementations.Data.CleanDatabaseScheduledTask,0,
Large Class,Emby.Server.Implementations.Devices.DeviceId,0,
Large Class,Emby.Server.Implementations.Images.BaseFolderImageProvider,0,Emby.Server.Implementations.Images.BaseFolderImageProvider<T>
Large Class,Emby.Server.Implementations.Library.Resolvers.Books.BookResolver,0,
Large Class,Emby.Server.Implementations.LiveTv.EmbyTV.EncodedRecorder,2,
Large Class,Emby.Server.Implementations.LiveTv.Listings.SchedulesDirect.ScheduleDirect.Logo,0,
Large Class,Emby.Server.Implementations.LiveTv.Listings.SchedulesDirect.ScheduleDirect.ProgramDetails,0,
Large Class,Emby.Server.Implementations.MediaEncoder.EncodingManager,1,
Large Class,Emby.Server.Implementations.Playlists.PlaylistsFolder,0,
Large Class,Emby.Server.Implementations.ScheduledTasks.Tasks.DeleteTranscodeFileTask,0,
Large Class,Emby.Server.Implementations.ScheduledTasks.RefreshMediaLibraryTask,0,
Large Class,Emby.Server.Implementations.ScheduledTasks.IntervalTrigger,0,
Large Class,Emby.Server.Implementations.Sorting.ArtistComparer,0,
Large Class,Emby.Server.Implementations.Sorting.DateLastMediaAddedComparer,0,
Large Class,Emby.Server.Implementations.Sorting.SeriesSortNameComparer,0,
Large Class,Jellyfin.Api.Constants.Policies,0,
Large Class,Jellyfin.Api.Controllers.ArtistsController,1,
Large Class,Jellyfin.Api.Controllers.AudioController,1,
Large Class,Jellyfin.Api.Controllers.ImageController,3,
Large Class,Jellyfin.Api.Controllers.LocalizationController,0,
Large Class,Jellyfin.Api.Controllers.PlaylistsController,0,
Large Class,Jellyfin.Api.Controllers.PlaystateController,1,
Large Class,Jellyfin.Api.Controllers.PluginsController,1,
Large Class,Jellyfin.Api.Controllers.SessionController,2,
Large Class,Jellyfin.Api.Controllers.StartupController,0,
Large Class,Jellyfin.Api.Controllers.SyncPlayController,1,
Large Class,Jellyfin.Api.Controllers.UserLibraryController,2,
Large Class,Jellyfin.Api.Helpers.MediaInfoHelper,2,
Large Class,Jellyfin.Api.Helpers.TranscodingJobHelper,3,
Large Class,Jellyfin.Api.ModelBinders.CommaDelimitedArrayModelBinder,0,
Large Class,Jellyfin.Api.Models.DisplayPreferencesDtos.DisplayPreferencesDto,0,
Large Class,Jellyfin.Api.Models.StreamingDtos.StreamingRequestDto,0,
Large Class,Jellyfin.Api.WebSocketListeners.ActivityLogWebSocketListener,0,
Large Class,Jellyfin.Api.WebSocketListeners.SessionInfoWebSocketListener,0,
Large Class,Jellyfin.Data.Entities.CustomItemDisplayPreferences,0,
Large Class,Jellyfin.Data.Entities.Libraries.Chapter,0,
Large Class,Jellyfin.Data.Entities.Libraries.Company,0,
Large Class,Jellyfin.Data.Entities.Libraries.CompanyMetadata,0,
Large Class,Jellyfin.Data.Entities.Libraries.ItemMetadata,0,
Large Class,Jellyfin.Data.Entities.Libraries.MovieMetadata,0,
Large Class,Jellyfin.Data.Entities.Libraries.MusicAlbumMetadata,0,
Large Class,Jellyfin.Data.Entities.Preference,0,
Large Class,Jellyfin.Drawing.Skia.StripCollageBuilder,1,
Large Class,Jellyfin.Server.Implementations.Events.Consumers.Session.PlaybackStopLogger,0,
Large Class,Jellyfin.Server.Migrations.Routines.CreateUserLoggingConfigFile,0,
Large Class,Jellyfin.Server.Program,3,
Large Class,Lens.Cloner,0,
Large Class,Lens.Display,0,
Large Class,Lens.Engine,2,
Large Class,Lens.Program,0,
Large Class,Lens.Version,0,
Large Class,MediaBrowser.Common.Extensions.HttpContextExtensions,0,
Large Class,MediaBrowser.Common.Extensions.ShuffleExtensions,0,
Large Class,MediaBrowser.Common.Json.Converters.JsonPipeDelimitedArrayConverterFactory,0,
Large Class,MediaBrowser.Common.Net.IPHost,2,
Large Class,MediaBrowser.Common.Plugins.LocalPlugin,0,
Large Class,MediaBrowser.Controller.Authentication.AuthenticationResult,0,
Large Class,MediaBrowser.Controller.Collections.CollectionCreationOptions,0,
Large Class,MediaBrowser.Controller.Drawing.ImageHelper,0,
Large Class,MediaBrowser.Controller.Drawing.ImageProcessingOptions,0,
Large Class,MediaBrowser.Controller.Drawing.ImageProcessorExtensions,0,
Large Class,MediaBrowser.Controller.Entities.Person,1,
Large Class,MediaBrowser.Controller.Entities.TV.Episode,2,
Large Class,MediaBrowser.Controller.LiveTv.LiveTvChannel,0,
Large Class,MediaBrowser.Controller.LiveTv.TimerInfo,1,
Large Class,MediaBrowser.Controller.MediaEncoding.EncodingJobOptions,0,
Large Class,MediaBrowser.Controller.MediaEncoding.ImageEncodingOptions,0,
Large Class,MediaBrowser.Controller.Notifications.UserNotification,0,
Large Class,MediaBrowser.Controller.Providers.ImageRefreshOptions,0,
Large Class,MediaBrowser.Controller.Providers.ItemInfo,0,
Large Class,MediaBrowser.Controller.Providers.MetadataResult,0,MediaBrowser.Controller.Providers.MetadataResult<T>
Large Class,MediaBrowser.Controller.SyncPlay.GroupStates.PlayingGroupState,0,
Large Class,MediaBrowser.LocalMetadata.Providers.PlaylistXmlProvider,0,
Large Class,MediaBrowser.MediaEncoding.BdInfo.BdInfoDirectoryInfo,0,
Large Class,MediaBrowser.MediaEncoding.BdInfo.BdInfoFileInfo,0,
Large Class,MediaBrowser.Model.Configuration.EncodingOptions,1,
Large Class,MediaBrowser.Model.Configuration.ServerConfiguration,2,
Large Class,MediaBrowser.Model.Dlna.SubtitleStreamInfo,0,
Large Class,MediaBrowser.Model.Dlna.UpnpDeviceInfo,0,
Large Class,MediaBrowser.Model.Dto.BaseItemPerson,0,
Large Class,MediaBrowser.Model.Dto.ImageOptions,0,
Large Class,MediaBrowser.Model.Dto.ItemCounts,0,
Large Class,MediaBrowser.Model.Entities.ChapterInfo,0,
Large Class,MediaBrowser.Model.Entities.SpecialFolder,0,
Large Class,MediaBrowser.Model.Entities.VirtualFolderInfo,0,
Large Class,MediaBrowser.Model.LiveTv.TimerQuery,0,
Large Class,MediaBrowser.Model.MediaInfo.PlaybackInfoRequest,1,
Large Class,MediaBrowser.Model.Net.MimeTypes,0,
Large Class,MediaBrowser.Model.Net.WebSocketMessage,0,MediaBrowser.Model.Net.WebSocketMessage<T>
Large Class,MediaBrowser.Model.Plugins.PluginInfo,0,
Large Class,MediaBrowser.Model.Plugins.PluginPageInfo,0,
Large Class,MediaBrowser.Model.Providers.RemoteImageInfo,0,
Large Class,MediaBrowser.Model.Providers.RemoteSearchResult,0,
Large Class,MediaBrowser.Model.Updates.PackageInfo,0,
Large Class,MediaBrowser.Providers.Manager.ProviderUtils,1,
Large Class,MediaBrowser.Providers.MediaInfo.SubtitleDownloader,1,
Large Class,MediaBrowser.Providers.Plugins.AudioDb.AudioDbArtistProvider,2,
Large Class,MediaBrowser.Providers.Plugins.Omdb.OmdbImageProvider,0,
Large Class,MediaBrowser.Providers.Plugins.Omdb.OmdbProvider,3,
Large Class,MediaBrowser.Providers.Plugins.Tmdb.TV.TmdbSeasonProvider,0,
Large Class,MediaBrowser.Providers.Studios.StudiosImageProvider,1,
Large Class,MediaBrowser.Providers.TV.EpisodeMetadataService,0,
Large Class,MediaBrowser.Providers.TV.SeasonMetadataService,0,
Large Class,MediaBrowser.XbmcMetadata.Providers.AlbumNfoProvider,0,
Large Class,MediaBrowser.XbmcMetadata.Providers.ArtistNfoProvider,0,
Large Class,MediaBrowser.XbmcMetadata.Providers.EpisodeNfoProvider,0,
Large Class,MediaBrowser.XbmcMetadata.Savers.EpisodeNfoSaver,0,
Large Class,MediaBrowser.XbmcMetadata.Savers.SeriesNfoSaver,0,
Large Class,Microsoft.Xna.Framework.Content.Pipeline.Graphics.CharacterCollection,0,
Large Class,Microsoft.Xna.Framework.Audio.SoundEffectInstancePool,0,
Large Class,Microsoft.Xna.Framework.Audio.Cue,1,
Large Class,Microsoft.Xna.Framework.Content.MultiArrayReader,0,Microsoft.Xna.Framework.Content.MultiArrayReader<T>
Large Class,Microsoft.Xna.Framework.Content.ContentTypeReaderManager,1,
Large Class,Microsoft.Xna.Framework.Content.Pipeline.Builder.Convertors.StringToColorConverter,0,
Large Class,Microsoft.Xna.Framework.Content.Pipeline.ExternalTool,1,
Large Class,Microsoft.Xna.Framework.Content.Pipeline.Graphics.AlphaTestMaterialContent,0,
Large Class,Microsoft.Xna.Framework.Content.Pipeline.Graphics.GlyphPacker,1,
Large Class,Microsoft.Xna.Framework.Content.Pipeline.Graphics.SharpFontImporter,1,
Large Class,Microsoft.Xna.Framework.Content.Pipeline.Graphics.FontDescription,0,
Large Class,Microsoft.Xna.Framework.Content.Pipeline.Graphics.SkinnedMaterialContent,0,
Large Class,Microsoft.Xna.Framework.Content.Pipeline.Graphics.VertexContent,1,
Large Class,Microsoft.Xna.Framework.Content.Pipeline.Processors.MaterialProcessor,1,
Large Class,Microsoft.Xna.Framework.Content.Pipeline.Processors.ModelProcessor,3,
Large Class,Microsoft.Xna.Framework.Content.Pipeline.Processors.SoundEffectContent,0,
Large Class,Microsoft.Xna.Framework.Content.Pipeline.Processors.VertexBufferContent,0,
Large Class,Microsoft.Xna.Framework.Content.Pipeline.Serialization.Compiler.ContentWriter,2,
Large Class,Microsoft.Xna.Framework.Content.Pipeline.Serialization.Intermediate.ArraySerializer,0,Microsoft.Xna.Framework.Content.Pipeline.Serialization.Intermediate.ArraySerializer<T>
Large Class,Microsoft.Xna.Framework.Content.Pipeline.Serialization.Intermediate.ElementSerializer,0,Microsoft.Xna.Framework.Content.Pipeline.Serialization.Intermediate.ElementSerializer<T>
Large Class,Microsoft.Xna.Framework.Content.Pipeline.Serialization.Intermediate.ListSerializer,0,Microsoft.Xna.Framework.Content.Pipeline.Serialization.Intermediate.ListSerializer<T>
Large Class,Microsoft.Xna.Framework.Content.Pipeline.TextureImporter,0,
Large Class,Microsoft.Xna.Framework.Curve,1,
Large Class,Microsoft.Xna.Framework.CurveKeyCollection,0,
Large Class,Microsoft.Xna.Framework.DrawableGameComponent,0,
Large Class,Microsoft.Xna.Framework.GameComponentCollection,0,
Large Class,Microsoft.Xna.Framework.GameServiceContainer,0,
Large Class,Microsoft.Xna.Framework.Graphics.DirectionalLight,0,
Large Class,Microsoft.Xna.Framework.Graphics.DxtUtil,2,
Large Class,Microsoft.Xna.Framework.Graphics.Effect,2,
Large Class,Microsoft.Xna.Framework.Graphics.EffectAnnotation,0,
Large Class,Microsoft.Xna.Framework.Graphics.EffectHelpers,1,
Large Class,Microsoft.Xna.Framework.Graphics.SpriteEffect,0,
Large Class,Microsoft.Xna.Framework.Graphics.ModelBone,0,
Large Class,Microsoft.Xna.Framework.Graphics.ModelMesh,0,
Large Class,Microsoft.Xna.Framework.Input.Touch.TouchPanelState,3,
Large Class,Microsoft.Xna.Framework.Media.Genre,0,
Large Class,Microsoft.Xna.Framework.Media.PlaylistCollection,0,
Large Class,Microsoft.Xna.Framework.AndroidGameActivity,0,
Large Class,Microsoft.Xna.Framework.Input.AndroidGamePad,0,
Large Class,Microsoft.Xna.Framework.iOSGamePlatform,2,
Large Class,Microsoft.Xna.Framework.OrientationConverter,0,
Large Class,Sdl.Window.State,0,
Large Class,Microsoft.Xna.Framework.SdlGamePlatform,2,
Large Class,MonoGame.Framework.WinFormsGamePlatform,1,
Large Class,Microsoft.Xna.Framework.InputEvents,2,
Large Class,MonoGame.Framework.Utilities.Deflate.DeflateManager.Config,0,
Large Class,MonoGame.Framework.Utilities.Deflate.Tree,2,
Large Class,MonoGame.Framework.Utilities.Deflate.InternalConstants,0,
Large Class,MonoGame.Framework.Utilities.DeflateManager.Config,0,
Large Class,MonoGame.Tools.Pipeline.ImporterTypeDescription,0,
Large Class,MonoGame.Tools.Pipeline.ProcessorTypeDescription.ProcessorPropertyCollection,0,
Large Class,OpenRA.Activities.TargetLineNode,0,
Large Class,OpenRA.Actor.ConditionState,0,
Large Class,OpenRA.Effects.DelayedImpact,0,
Large Class,OpenRA.FieldLoader.AllowEmptyEntriesAttribute,0,
Large Class,OpenRA.FontData,0,
Large Class,OpenRA.GameRules.SoundPool,0,
Large Class,OpenRA.Graphics.GlyphInfo,0,
Large Class,OpenRA.Graphics.Theater,1,
Large Class,OpenRA.Graphics.Util,3,
Large Class,OpenRA.Graphics.Viewport,2,
Large Class,OpenRA.HotkeyDefinition,0,
Large Class,OpenRA.DefaultInputHandler,0,
Large Class,OpenRA.RuntimeFlagInit,0,
Large Class,OpenRA.ProjectedCellLayer,0,OpenRA.ProjectedCellLayer<T>
Large Class,OpenRA.TerrainTemplateInfo,0,
Large Class,OpenRA.Network.EchoConnection,0,
Large Class,OpenRA.Network.FrameData,0,
Large Class,OpenRA.Network.ReplayConnection,2,
Large Class,OpenRA.Network.SyncReport.Report,0,
Large Class,OpenRA.ObjectCreator,2,
Large Class,OpenRA.Player,2,
Large Class,OpenRA.Primitives.ObservableDictionary,0,"OpenRA.Primitives.ObservableDictionary<TKey, TValue>"
Large Class,OpenRA.ReadOnlyDictionary,0,"OpenRA.ReadOnlyDictionary<TKey, TValue>"
Large Class,OpenRA.Scripting.ScriptActorProperties,0,
Large Class,OpenRA.Scripting.LuaValueExts,1,
Large Class,OpenRA.Server.Exts,0,
Large Class,OpenRA.GameSettings,1,
Large Class,OpenRA.Support.Benchmark,0,
Large Class,OpenRA.Support.Evaluator,1,
Large Class,OpenRA.Traits.DebugPauseStateInfo,0,
Large Class,OpenRA.Traits.SequenceReferenceAttribute,0,
Large Class,OpenRA.Traits.PlayerColorPalette,0,
Large Class,OpenRA.Traits.Shroud.ShroudSource,0,
Large Class,OpenRA.UtilityCommands.RegisterModCommand,0,
Large Class,OpenRA.WorldViewportSizes,0,
Large Class,OpenRA.Mods.Cnc.FileFormats.CRC32,0,
Large Class,OpenRA.Mods.Cnc.FileFormats.IdxReader,0,
Large Class,OpenRA.Mods.Cnc.FileFormats.VxlElement,0,
Large Class,OpenRA.Mods.Cnc.SpriteLoaders.ShpTDSprite.ImageHeader,0,
Large Class,OpenRA.Mods.Cnc.SpriteLoaders.TmpTDLoader,0,
Large Class,OpenRA.Mods.Cnc.SpriteLoaders.TmpTDLoader.TmpTDFrame,0,
Large Class,OpenRA.Mods.Cnc.Traits.FrozenUnderFogUpdatedByGps.Traits,0,
Large Class,OpenRA.Mods.Cnc.Traits.InfiltrateForDecoration,0,
Large Class,OpenRA.Mods.Cnc.Traits.InfiltrateForDecorationInfo,0,
Large Class,OpenRA.Mods.Cnc.Traits.InfiltrateForCash,0,
Large Class,OpenRA.Mods.Cnc.Traits.MadTankInfo,1,
Large Class,OpenRA.Mods.Cnc.Traits.MineImmune,0,
Large Class,OpenRA.Mods.Cnc.Traits.Render.WithRoofInfo,0,
Large Class,OpenRA.Mods.Cnc.Traits.ChronoshiftPower.SelectChronoshiftTarget,0,
Large Class,OpenRA.Mods.Cnc.Traits.DropPodsPower,0,
Large Class,OpenRA.Mods.Cnc.Traits.TransformsNearResourcesInfo,0,
Large Class,OpenRA.Mods.Cnc.UtilityCommands.Glob,1,
Large Class,OpenRA.Mods.Common.Activities.ReturnToBase,1,
Large Class,OpenRA.Mods.Common.Activities.VisualMoveIntoTarget,0,
Large Class,OpenRA.Mods.Common.Activities.RemoveSelf,0,
Large Class,OpenRA.Mods.Common.Commands.DebugVisualizationCommands,0,
Large Class,OpenRA.Mods.Common.Commands.HelpCommandInfo,0,
Large Class,OpenRA.Mods.Common.Widgets.AddActorAction,0,
Large Class,OpenRA.Mods.Common.Widgets.RemoveResourceAction,0,
Large Class,OpenRA.Mods.Common.Effects.SpriteAnnotation,0,
Large Class,OpenRA.Mods.Common.FileFormats.Huffman,0,
Large Class,OpenRA.Mods.Common.Lint.CheckActors,0,
Large Class,OpenRA.Mods.Common.Lint.CheckAngle,0,
Large Class,OpenRA.Mods.Common.Lint.CheckChromeHotkeys,1,
Large Class,OpenRA.Mods.Common.LoadScreens.BlankLoadScreen,1,
Large Class,OpenRA.Mods.Common.Orders.PowerDownOrderGenerator,0,
Large Class,OpenRA.Mods.Common.Projectiles.Railgun,2,
Large Class,OpenRA.Mods.Common.Activities.CallLuaFunc,0,
Large Class,OpenRA.Mods.Common.Scripting.ActorGlobal,2,
Large Class,OpenRA.Mods.Common.Scripting.Global.AngleGlobal,0,
Large Class,OpenRA.Mods.Common.Scripting.DateGlobal,0,
Large Class,OpenRA.Mods.Common.Scripting.Global.FacingGlobal,0,
Large Class,OpenRA.Mods.Common.Scripting.ProductionProperties,0,
Large Class,OpenRA.Mods.Common.Scripting.ProductionQueueProperties,0,
Large Class,OpenRA.Mods.Common.Scripting.AmmoPoolProperties,0,
Large Class,OpenRA.Mods.Common.Scripting.CloakProperties,0,
Large Class,OpenRA.Mods.Common.Scripting.DeliversExperienceProperties,0,
Large Class,OpenRA.Mods.Common.Scripting.DemolitionProperties,0,
Large Class,OpenRA.Mods.Common.Scripting.PlayerStatsProperties,0,
Large Class,OpenRA.Mods.Common.Server.LobbyCommands,3,
Large Class,OpenRA.Mods.Common.Server.MasterServerPinger,2,
Large Class,OpenRA.Mods.Common.SpriteLoaders.PngSheetMetadata,0,
Large Class,OpenRA.Mods.Common.Traits.ActorMap.InfluenceNode,0,
Large Class,OpenRA.Mods.Common.Traits.ActorMap.ProximityTrigger,0,
Large Class,OpenRA.Mods.Common.Traits.ActorMapWorldExts,0,
Large Class,OpenRA.Mods.Common.Traits.ActorSpawner,0,
Large Class,OpenRA.Mods.Common.Traits.AffectsShroudInfo,0,
Large Class,OpenRA.Mods.Common.Traits.AttackBomber,0,
Large Class,OpenRA.Mods.Common.Traits.Armor,0,
Large Class,OpenRA.Mods.Common.Traits.AttackOmni,0,
Large Class,OpenRA.Mods.Common.Traits.AttackFrontal,0,
Large Class,OpenRA.Mods.Common.Traits.AttackFrontalInfo,0,
Large Class,OpenRA.Mods.Common.Traits.BuildingRepairBotModuleInfo,0,
Large Class,OpenRA.Mods.Common.Traits.HarvesterBotModule,2,
Large Class,OpenRA.Mods.Common.Traits.SquadManagerBotModule,3,
Large Class,OpenRA.Mods.Common.Traits.SupportPowerBotModule,2,
Large Class,OpenRA.Mods.Common.Traits.GivesBuildableArea,0,
Large Class,OpenRA.Mods.Common.Traits.PrimaryBuildingInfo,0,
Large Class,OpenRA.Mods.Common.Traits.Capturable,0,
Large Class,OpenRA.Mods.Common.Traits.CaptureManagerInfo,0,
Large Class,OpenRA.Mods.Common.Traits.CargoInit,0,
Large Class,OpenRA.Mods.Common.Traits.CommandBarBlacklistInfo,0,
Large Class,OpenRA.Mods.Common.Traits.ConditionalTrait,0,OpenRA.Mods.Common.Traits.ConditionalTrait<InfoType>
Large Class,OpenRA.Mods.Common.Traits.ConditionalTraitInfo,0,
Large Class,OpenRA.Mods.Common.Traits.GrantConditionOnHealth,0,
Large Class,OpenRA.Mods.Common.Traits.GrantConditionOnMovement,0,
Large Class,OpenRA.Mods.Common.Traits.GrantConditionOnPowerState,0,
Large Class,OpenRA.Mods.Common.Traits.ProximityExternalCondition,1,
Large Class,OpenRA.Mods.Common.Traits.ExplodeCrateAction,0,
Large Class,OpenRA.Mods.Common.Traits.HideMapCrateAction,0,
Large Class,OpenRA.Mods.Common.Traits.ExperienceInit,0,
Large Class,OpenRA.Mods.Common.Traits.GrantExternalConditionPower,2,
Large Class,OpenRA.Mods.Common.Traits.GrantExternalConditionPower.SelectConditionTarget,0,
Large Class,OpenRA.Mods.Common.Traits.IsometricSelectable,0,
Large Class,OpenRA.Mods.Common.Traits.LocomotorReferenceAttribute,0,
Large Class,OpenRA.Mods.Common.Traits.FrozenUnderFog.FrozenState,0,
Large Class,OpenRA.Mods.Common.Traits.HiddenUnderShroudInfo,0,
Large Class,OpenRA.Mods.Common.Traits.WithColoredOverlayInfo,0,
Large Class,OpenRA.Mods.Common.Traits.DamageMultiplier,0,
Large Class,OpenRA.Mods.Common.Traits.DetectCloakedMultiplierInfo,0,
Large Class,OpenRA.Mods.Common.Traits.HarvesterResourceMultiplierInfo,0,
Large Class,OpenRA.Mods.Common.Traits.InaccuracyMultiplier,0,
Large Class,OpenRA.Mods.Common.Traits.RefineryResourceMultiplierInfo,0,
Large Class,OpenRA.Mods.Common.Traits.ReloadDelayMultiplier,0,
Large Class,OpenRA.Mods.Common.Traits.GlobalLightingPaletteEffect,0,
Large Class,OpenRA.Mods.Common.Traits.ClassicParallelProductionQueue,1,
Large Class,OpenRA.Mods.Common.Traits.ModularBot,0,
Large Class,OpenRA.Mods.Common.Traits.ProvidesTechPrerequisiteInfo,0,
Large Class,OpenRA.Mods.Common.Traits.TechTree.Watcher,0,
Large Class,OpenRA.Mods.Common.Traits.TimeLimitManager,1,
Large Class,OpenRA.Mods.Common.Traits.AffectedByPowerOutageInfo,0,
Large Class,OpenRA.Mods.Common.Traits.PowerInfo,0,
Large Class,OpenRA.Mods.Common.Traits.ProductionSpawnLocationInit,0,
Large Class,OpenRA.Mods.Common.Traits.ProximityCaptorInfo,0,
Large Class,OpenRA.Mods.Common.Traits.ProximityCapturableInfo,0,
Large Class,OpenRA.Mods.Common.Traits.Radar.RadarColorFromTerrain,0,
Large Class,OpenRA.Mods.Common.Traits.ReloadAmmoPool,0,
Large Class,OpenRA.Mods.Common.Traits.ReloadAmmoPoolInfo,0,
Large Class,OpenRA.Mods.Common.Traits.DrawLineToTargetInfo,0,
Large Class,OpenRA.Mods.Common.Traits.Render.LeavesTrails,1,
Large Class,OpenRA.Mods.Common.Traits.Render.RenderRangeCircleInfo,0,
Large Class,OpenRA.Mods.Common.Traits.Render.RenderUtils,0,
Large Class,OpenRA.Mods.Common.Traits.Render.WithAcceptDeliveredCashAnimation,0,
Large Class,OpenRA.Mods.Common.Traits.Render.WithAimAnimation,0,
Large Class,OpenRA.Mods.Common.Traits.Render.WithCargoPipsDecoration,0,
Large Class,OpenRA.Mods.Common.Traits.Render.WithDockingAnimationInfo,0,
Large Class,OpenRA.Mods.Common.Traits.Render.WithFacingSpriteBody,0,
Large Class,OpenRA.Mods.Common.Traits.Render.WithHarvestAnimationInfo,0,
Large Class,OpenRA.Mods.Common.Traits.Render.WithHarvestOverlayInfo,0,
Large Class,OpenRA.Mods.Common.Traits.Render.WithProductionOverlayInfo,0,
Large Class,OpenRA.Mods.Common.Traits.Render.WithResourceLevelOverlay,0,
Large Class,OpenRA.Mods.Common.Traits.Render.WithSpriteBarrelInfo,0,
Large Class,OpenRA.Mods.Common.Traits.Render.WithSpriteBody,0,
Large Class,OpenRA.Mods.Common.Traits.Render.WithSupportPowerActivationAnimationInfo,0,
Large Class,OpenRA.Mods.Common.Traits.Render.WithSupportPowerActivationOverlay,0,
Large Class,OpenRA.Mods.Common.Traits.Render.WithWallSpriteBodyInfo,0,
Large Class,OpenRA.Mods.Common.Traits.ReplaceableInfo,0,
Large Class,OpenRA.Mods.Common.Traits.Sound.AttackSounds,0,
Large Class,OpenRA.Mods.Common.Traits.Sound.AttackSoundsInfo,0,
Large Class,OpenRA.Mods.Common.Traits.SpawnActorOnDeathInfo,0,
Large Class,OpenRA.Mods.Common.Traits.SpawnActorPowerInfo,0,
Large Class,OpenRA.Mods.Common.Traits.TerrainLightSourceInfo,0,
Large Class,OpenRA.Mods.Common.Traits.ThrowsParticleInfo,0,
Large Class,OpenRA.Mods.Common.Traits.UpdatesDerrickCount,0,
Large Class,OpenRA.Mods.Common.Traits.VoicedInfo,0,
Large Class,OpenRA.Mods.Common.Traits.CrateSpawnerInfo,1,
Large Class,OpenRA.Mods.Common.Traits.EditorActorLayer,3,
Large Class,OpenRA.Mods.Common.IndexedPlayerPaletteInfo,0,
Large Class,OpenRA.Mods.Common.Traits.LobbyPrerequisiteCheckbox,0,
Large Class,OpenRA.Mods.Common.Traits.LocomoterExts,0,
Large Class,OpenRA.Mods.Common.Traits.MapCreepsInfo,0,
Large Class,OpenRA.Mods.Common.Traits.MPStartLocationsInfo,0,
Large Class,OpenRA.Mods.Common.Traits.MPStartUnitsInfo,0,
Large Class,OpenRA.Mods.Common.Traits.PaletteFromFileInfo,0,
Large Class,OpenRA.Mods.Common.Traits.PaletteFromGimpOrJascFileInfo,1,
Large Class,OpenRA.Mods.Common.Traits.PaletteFromPng,0,
Large Class,OpenRA.Mods.Common.Traits.ShroudRenderer,3,
Large Class,OpenRA.Mods.Common.Traits.StartGameNotificationInfo,0,
Large Class,OpenRA.Mods.Common.Traits.ValidateOrder,0,
Large Class,OpenRA.Mods.Common.Traits.WeatherOverlay,2,
Large Class,OpenRA.Mods.Common.Traits.EditorActorDropdown,0,
Large Class,OpenRA.Mods.Common.UpdateRules.Rules.ReformatChromeProvider,2,
Large Class,OpenRA.Mods.Common.UpdateRules.Rules.RemoveWithPermanentInjury,0,
Large Class,OpenRA.Mods.Common.UpdateRules.Rules.CreateFlashPaletteEffectWarhead,0,
Large Class,OpenRA.Mods.Common.UpdateRules.Rules.CopyIsometricSelectableHeight,0,
Large Class,OpenRA.Mods.Common.UtilityCommands.CheckYaml,1,
Large Class,OpenRA.Mods.Common.UtilityCommands.ExtractTraitDocsCommand,1,
Large Class,OpenRA.Mods.Common.UtilityCommands.ResizeMapCommand,0,
Large Class,OpenRA.Mods.Common.Widgets.ClientTooltipRegionWidget,0,
Large Class,OpenRA.Mods.Common.Widgets.Logic.ColorPickerLogic,1,
Large Class,OpenRA.Mods.Common.Widgets.Logic.EditActorPreview,0,
Large Class,OpenRA.Mods.Common.Widgets.Logic.TileSelectorLogic,1,
Large Class,OpenRA.Mods.Common.Widgets.Logic.DebugMenuLogic,2,
Large Class,OpenRA.Mods.Common.Widgets.Logic.GameSaveLoadingLogic,0,
Large Class,OpenRA.Mods.Common.Widgets.Logic.Ingame.PauseHotkeyLogic,0,
Large Class,OpenRA.Mods.Common.Widgets.Logic.IngameMenuLogic,3,
Large Class,OpenRA.Mods.Common.Widgets.Logic.MenuButtonsChromeLogic,1,
Large Class,OpenRA.Mods.Common.Widgets.Logic.BeaconOrderButtonLogic,0,
Large Class,OpenRA.Mods.Common.Widgets.Logic.LobbyOptionsLogic,1,
Large Class,OpenRA.Mods.Common.Widgets.Logic.MuteHotkeyLogic,0,
Large Class,OpenRA.Mods.Common.Widgets.Logic.LocalProfileLogic,1,
Large Class,OpenRA.Mods.Common.Widgets.Logic.ReplayBrowserLogic.Filter,0,
Large Class,OpenRA.Mods.Common.Widgets.Logic.TabCompletionLogic,0,
Large Class,OpenRA.Mods.Common.Widgets.ProductionPaletteWidget,3,
Large Class,OpenRA.Mods.Common.Widgets.ProductionTabsWidget,2,
Large Class,OpenRA.Mods.D2k.SpriteLoaders.R8Loader.R8Frame,0,
Large Class,OpenRA.Mods.D2k.Traits.Buildings.D2kBuilding,1,
Large Class,OpenRA.Mods.D2k.Traits.D2kActorPreviewPlaceBuildingPreviewInfo,0,
Large Class,OpenRA.Mods.D2k.Traits.D2kActorPreviewPlaceBuildingPreviewPreview,0,
Large Class,OpenRA.Mods.D2k.Traits.HarvesterInsuranceInfo,0,
Large Class,OpenRA.Mods.D2k.Traits.SandwormInfo,0,
Large Class,OpenRA.Mods.D2k.Traits.D2kFogPaletteInfo,0,
Large Class,OpenRA.Network.Session.Client,1,
Large Class,OpenRA.Network.Session.LobbyOptionState,0,
Large Class,OpenRA.Platforms.Default.FreeTypeFont,0,
Large Class,OpenRA.Platforms.Default.OpenAlAsyncLoadSound,0,
Large Class,OpenRA.Traits.DamageType,0,
Large Class,OpenRA.Traits.RequireExplicitImplementationAttribute,0,
Large Class,OpenRA.Traits.TraitInfo,0,
Large Class,osu.Desktop.DiscordRichPresence,1,
Large Class,osu.Game.Audio.HitSampleInfo,0,
Large Class,osu.Game.Audio.PreviewTrackManager,1,
Large Class,osu.Game.Audio.PreviewTrackManager.PreviewTrackStore,0,
Large Class,osu.Game.Audio.SampleInfo,0,
Large Class,osu.Game.Beatmaps.ControlPoints.EffectControlPoint,0,
Large Class,osu.Game.Beatmaps.DifficultyRecommender,0,
Large Class,osu.Game.Collections.CollectionFilterDropdown,1,
Large Class,osu.Game.Collections.CollectionManager,2,
Large Class,osu.Game.Collections.DrawableCollectionListItem.ItemContent,0,
Large Class,osu.Game.Database.DatabaseContextFactory,1,
Large Class,osu.Game.Database.ImportTask,0,
Large Class,osu.Game.Graphics.Containers.HoldToConfirmContainer,0,
Large Class,osu.Game.Graphics.Containers.LinkFlowContainer,0,
Large Class,osu.Game.Graphics.Containers.OsuRearrangeableListItem.PlaylistItemHandle,0,osu.Game.Graphics.Containers.OsuRearrangeableListItem<TModel>.PlaylistItemHandle
Large Class,osu.Game.Graphics.Containers.SectionsContainer,1,osu.Game.Graphics.Containers.SectionsContainer<T>
Large Class,osu.Game.Graphics.Cursor.MenuCursor,0,
Large Class,osu.Game.Graphics.Cursor.MenuCursorContainer,0,
Large Class,osu.Game.Graphics.Cursor.OsuTooltipContainer.OsuTooltip,0,
Large Class,osu.Game.Graphics.DateTooltip,0,
Large Class,osu.Game.Graphics.UserInterface.BreadcrumbControl.BreadcrumbTabItem,0,osu.Game.Graphics.UserInterface.BreadcrumbControl<T>.BreadcrumbTabItem
Large Class,osu.Game.Graphics.UserInterface.DialogButton,2,
Large Class,osu.Game.Graphics.UserInterface.DrawableOsuMenuItem,0,
Large Class,osu.Game.Graphics.UserInterface.ExpandingBar,0,
Large Class,osu.Game.Graphics.UserInterface.LoadingButton,0,
Large Class,osu.Game.Graphics.UserInterface.OsuDropdown.OsuDropdownMenu,1,osu.Game.Graphics.UserInterface.OsuDropdown<T>.OsuDropdownMenu
Large Class,osu.Game.Graphics.UserInterface.RollingCounter,0,osu.Game.Graphics.UserInterface.RollingCounter<T>
Large Class,osu.Game.Graphics.UserInterface.ShowMoreButton,0,
Large Class,osu.Game.Graphics.UserInterfaceV2.DirectorySelector,2,
Large Class,osu.Game.Input.IdleTracker,0,
Large Class,osu.Game.IO.OsuStorage,0,
Large Class,osu.Game.Online.API.APIDownloadRequest,0,
Large Class,osu.Game.Online.API.APIRequest,1,
Large Class,osu.Game.Online.API.Requests.Responses.APIChangelogEntry,0,
Large Class,osu.Game.Online.API.Requests.Responses.APIChangelogUser,0,
Large Class,osu.Game.Online.Chat.ChannelManager,3,
Large Class,osu.Game.Online.Chat.MessageFormatter,2,
Large Class,osu.Game.Online.Leaderboards.Leaderboard,2,"osu.Game.Online.Leaderboards.Leaderboard<TScope, TScoreInfo>"
Large Class,osu.Game.Online.Multiplayer.MultiplayerClient,2,
Large Class,osu.Game.Online.Multiplayer.StatefulMultiplayerClient,2,
Large Class,osu.Game.Online.OnlineViewContainer,0,
Large Class,osu.Game.Online.Rooms.BeatmapAvailability,0,
Large Class,osu.Game.Online.Spectator.SpectatorStreamingClient,2,
Large Class,osu.Game.OsuGameBase,3,
Large Class,osu.Game.Overlays.BeatmapListing.BeatmapListingSearchControl,1,
Large Class,osu.Game.Overlays.BeatmapListing.BeatmapListingSortTabControl.BeatmapTabButton,0,
Large Class,osu.Game.Overlays.BeatmapListing.Panels.GridBeatmapPanel,0,
Large Class,osu.Game.Overlays.BeatmapSet.BasicStats,0,
Large Class,osu.Game.Overlays.BeatmapSet.Buttons.PreviewButton,0,
Large Class,osu.Game.Overlays.BeatmapSet.Scores.ScoresContainer,1,
Large Class,osu.Game.Overlays.BeatmapSet.Scores.TopScoreStatisticsSection,1,
Large Class,osu.Game.Overlays.Chat.ChatLine,1,
Large Class,osu.Game.Overlays.Chat.Tabs.ChannelTabItem,1,
Large Class,osu.Game.Overlays.Comments.Buttons.ChevronButton,0,
Large Class,osu.Game.Overlays.Comments.Buttons.ShowMoreRepliesButton,0,
Large Class,osu.Game.Overlays.Comments.CommentEditor,1,
Large Class,osu.Game.Overlays.Comments.DrawableComment,2,
Large Class,osu.Game.Overlays.Dashboard.Home.DashboardBeatmapPanel,0,
Large Class,osu.Game.Overlays.Dialog.PopupDialog,1,
Large Class,osu.Game.Overlays.LoginOverlay,0,
Large Class,osu.Game.Overlays.Mods.ModButton,2,
Large Class,osu.Game.Overlays.Mods.ModSection,1,
Large Class,osu.Game.Overlays.Mods.ModSelectOverlay,2,
Large Class,osu.Game.Overlays.Music.CollectionDropdown,0,
Large Class,osu.Game.Overlays.Music.PlaylistItem,0,
Large Class,osu.Game.Overlays.NewsOverlay,0,
Large Class,osu.Game.Overlays.NotificationOverlay,1,
Large Class,osu.Game.Overlays.Notifications.Notification,1,
Large Class,osu.Game.Overlays.Notifications.Notification.CloseButton,0,
Large Class,osu.Game.Overlays.Notifications.ProgressNotification.ProgressBar,0,
Large Class,osu.Game.Overlays.Notifications.SimpleNotification,0,
Large Class,osu.Game.Overlays.NowPlayingOverlay,2,
Large Class,osu.Game.Overlays.OverlayHeader,0,
Large Class,osu.Game.Overlays.OverlayPanelDisplayStyleControl.PanelDisplayTabItem,0,
Large Class,osu.Game.Overlays.OverlayScrollContainer.ScrollToTopButton,0,
Large Class,osu.Game.Overlays.OverlayTabControl.OverlayTabItem,0,osu.Game.Overlays.OverlayTabControl<T>.OverlayTabItem
Large Class,osu.Game.Overlays.OverlayTitle,0,
Large Class,osu.Game.Overlays.Profile.Header.TopHeaderContainer,0,
Large Class,osu.Game.Overlays.Profile.ProfileHeader,0,
Large Class,osu.Game.Overlays.Profile.Sections.Beatmaps.PaginatedBeatmapContainer,0,
Large Class,osu.Game.Overlays.Profile.Sections.Historical.PaginatedMostPlayedBeatmapContainer,0,
Large Class,osu.Game.Overlays.Profile.Sections.Kudosu.DrawableKudosuHistoryItem,0,
Large Class,osu.Game.Overlays.Profile.Sections.PaginatedProfileSubsection,1,osu.Game.Overlays.Profile.Sections.PaginatedProfileSubsection<TModel>
Large Class,osu.Game.Overlays.Profile.Sections.Ranks.PaginatedScoreContainer,0,
Large Class,osu.Game.Overlays.Profile.UserGraph.UserGraphTooltip,0,"osu.Game.Overlays.Profile.UserGraph<TKey, TValue>.UserGraphTooltip"
Large Class,osu.Game.Overlays.Rankings.SpotlightSelector,1,
Large Class,osu.Game.Overlays.Rankings.SpotlightsLayout,0,
Large Class,osu.Game.Overlays.Settings.SettingsItem.RestoreDefaultValueButton,0,osu.Game.Overlays.Settings.SettingsItem<T>.RestoreDefaultValueButton
Large Class,osu.Game.Overlays.SettingsOverlay,0,
Large Class,osu.Game.Overlays.Toolbar.ToolbarButton,1,
Large Class,osu.Game.PerformFromMenuRunner,0,
Large Class,osu.Game.Rulesets.Catch.CatchRuleset,1,
Large Class,osu.Game.Rulesets.Catch.Difficulty.CatchPerformanceCalculator,0,
Large Class,osu.Game.Rulesets.Catch.Difficulty.Preprocessing.CatchDifficultyHitObject,0,
Large Class,osu.Game.Rulesets.Catch.MathUtils.FastRandom,0,
Large Class,osu.Game.Rulesets.Catch.Objects.Banana.BananaHitSampleInfo,0,
Large Class,osu.Game.Rulesets.Catch.UI.CatchComboDisplay,0,
Large Class,osu.Game.Rulesets.Difficulty.Skills.Skill,0,
Large Class,osu.Game.Rulesets.Difficulty.Utils.LimitedCapacityStack,0,osu.Game.Rulesets.Difficulty.Utils.LimitedCapacityStack<T>
Large Class,osu.Game.Rulesets.Mania.Beatmaps.Patterns.Legacy.DistanceObjectPatternGenerator,3,
Large Class,osu.Game.Rulesets.Mania.Beatmaps.Patterns.Legacy.PatternGenerator,1,
Large Class,osu.Game.Rulesets.Mania.Difficulty.ManiaPerformanceCalculator,0,
Large Class,osu.Game.Rulesets.Mania.Edit.Blueprints.HoldNotePlacementBlueprint,0,
Large Class,osu.Game.Rulesets.Mania.Objects.Drawables.DrawableHoldNote,1,
Large Class,osu.Game.Rulesets.Mania.Objects.Drawables.DrawableHoldNoteTail,0,
Large Class,osu.Game.Rulesets.Mania.Skinning.Default.DefaultBodyPiece,1,
Large Class,osu.Game.Rulesets.Mania.Skinning.Default.DefaultNotePiece,0,
Large Class,osu.Game.Rulesets.Mania.UI.ColumnFlow,0,osu.Game.Rulesets.Mania.UI.ColumnFlow<TContent>
Large Class,osu.Game.Rulesets.Mania.UI.Components.DefaultHitTarget,0,
Large Class,osu.Game.Rulesets.Mania.UI.ManiaPlayfield,0,
Large Class,osu.Game.Rulesets.Mania.VariantMappingGenerator,0,
Large Class,osu.Game.Rulesets.Mods.ModDifficultyAdjust,1,
Large Class,osu.Game.Rulesets.Mods.ModEasyWithExtraLives,0,
Large Class,osu.Game.Rulesets.Mods.ModFlashlight.Flashlight.FlashlightDrawNode,0,osu.Game.Rulesets.Mods.ModFlashlight<T>.Flashlight.FlashlightDrawNode
Large Class,osu.Game.Rulesets.Objects.HitObject,0,
Large Class,osu.Game.Rulesets.Objects.Legacy.Catch.ConvertHitObjectParser,0,
Large Class,osu.Game.Rulesets.Objects.Legacy.Mania.ConvertHitObjectParser,0,
Large Class,osu.Game.Rulesets.Objects.Legacy.Taiko.ConvertHitObjectParser,0,
Large Class,osu.Game.Rulesets.Objects.SliderPath,1,
Large Class,osu.Game.Rulesets.Osu.Beatmaps.OsuBeatmapConverter,0,
Large Class,osu.Game.Rulesets.Osu.Difficulty.OsuDifficultyAttributes,0,
Large Class,osu.Game.Rulesets.Osu.Difficulty.OsuPerformanceCalculator,2,
Large Class,osu.Game.Rulesets.Osu.Edit.Blueprints.Sliders.Components.PathControlPointVisualiser,1,
Large Class,osu.Game.Rulesets.Osu.Edit.Blueprints.Sliders.SliderSelectionBlueprint,1,
Large Class,osu.Game.Rulesets.Osu.Edit.Blueprints.Spinners.Components.SpinnerPiece,0,
Large Class,osu.Game.Rulesets.Osu.Mods.OsuModSpinIn,0,
Large Class,osu.Game.Rulesets.Osu.Mods.OsuModTraceable,0,
Large Class,osu.Game.Rulesets.Osu.Mods.OsuModWiggle,0,
Large Class,osu.Game.Rulesets.Osu.Objects.Drawables.Connections.FollowPointConnection,0,
Large Class,osu.Game.Rulesets.Osu.Objects.Drawables.Connections.FollowPointRenderer,1,
Large Class,osu.Game.Rulesets.Osu.Objects.Drawables.DrawableOsuHitObject,0,
Large Class,osu.Game.Rulesets.Osu.Objects.Drawables.DrawableSlider,1,
Large Class,osu.Game.Rulesets.Osu.Objects.Drawables.DrawableSpinner,1,
Large Class,osu.Game.Rulesets.Osu.Objects.SliderTick,0,
Large Class,osu.Game.Rulesets.Osu.OsuRuleset,1,
Large Class,osu.Game.Rulesets.Osu.Skinning.Default.DefaultSpinnerDisc,1,
Large Class,osu.Game.Rulesets.Osu.Skinning.Default.MainCirclePiece,0,
Large Class,osu.Game.Rulesets.Osu.Skinning.Default.SpinnerSpmCounter,0,
Large Class,osu.Game.Rulesets.Osu.Skinning.Legacy.LegacyNewStyleSpinner,0,
Large Class,osu.Game.Rulesets.Osu.Statistics.AccuracyHeatmap,1,
Large Class,osu.Game.Rulesets.Replays.FramedReplayInputHandler,0,osu.Game.Rulesets.Replays.FramedReplayInputHandler<TFrame>
Large Class,osu.Game.Rulesets.RulesetStore,1,
Large Class,osu.Game.Rulesets.Scoring.HealthProcessor,0,
Large Class,osu.Game.Rulesets.Scoring.ScoreProcessor,2,
Large Class,osu.Game.Rulesets.Taiko.Beatmaps.TaikoBeatmapConverter,1,
Large Class,osu.Game.Rulesets.Taiko.Difficulty.Preprocessing.TaikoDifficultyHitObject,0,
Large Class,osu.Game.Rulesets.Taiko.Difficulty.Skills.Rhythm,0,
Large Class,osu.Game.Rulesets.Taiko.Difficulty.Skills.Stamina,0,
Large Class,osu.Game.Rulesets.Taiko.Difficulty.TaikoDifficultyAttributes,0,
Large Class,osu.Game.Rulesets.Taiko.Difficulty.TaikoPerformanceCalculator,0,
Large Class,osu.Game.Rulesets.Taiko.Objects.Drawables.DrawableDrumRollTick,0,
Large Class,osu.Game.Rulesets.Taiko.Objects.Drawables.DrawableTaikoStrongableHitObject,0,"osu.Game.Rulesets.Taiko.Objects.Drawables.DrawableTaikoStrongableHitObject<TObject, TStrongNestedObject>"
Large Class,osu.Game.Rulesets.Taiko.Skinning.Legacy.LegacyTaikoScroller,1,
Large Class,osu.Game.Rulesets.Taiko.TaikoRuleset,1,
Large Class,osu.Game.Rulesets.Taiko.UI.HitExplosion,0,
Large Class,osu.Game.Rulesets.Taiko.UI.InputDrum.TaikoHalfDrum,0,
Large Class,osu.Game.Rulesets.UI.ModIcon,0,
Large Class,osu.Game.Rulesets.UI.Scrolling.ScrollingPlayfield,0,
Large Class,osu.Game.Scoring.ScoreInfo,1,
Large Class,osu.Game.Scoring.ScoreManager.TotalScoreBindable,0,
Large Class,osu.Game.Screens.Edit.Components.BottomBarContainer,0,
Large Class,osu.Game.Screens.Edit.Components.Menus.ScreenSelectionTabControl,0,
Large Class,osu.Game.Screens.Edit.Components.PlaybackControl.PlaybackTabControl.PlaybackTabItem,0,
Large Class,osu.Game.Screens.Edit.Components.Timelines.Summary.Parts.MarkerPart,0,
Large Class,osu.Game.Screens.Edit.Compose.Components.DragBox,0,
Large Class,osu.Game.Screens.Edit.Compose.Components.SelectionBoxDragHandle,0,
Large Class,osu.Game.Screens.Edit.Compose.Components.Timeline.TimelineBlueprintContainer,1,
Large Class,osu.Game.Screens.Edit.Compose.Components.Timeline.TimelineTickDisplay,0,
Large Class,osu.Game.Screens.Edit.Compose.Components.Timeline.ZoomableScrollContainer,1,
Large Class,osu.Game.Screens.Edit.EditorScreenWithTimeline,0,
Large Class,osu.Game.Screens.Edit.Timing.EffectSection,0,
Large Class,osu.Game.Screens.Edit.Timing.Section,0,osu.Game.Screens.Edit.Timing.Section<T>
Large Class,osu.Game.Screens.Import.FileImportScreen,0,
Large Class,osu.Game.Screens.Menu.Disclaimer,1,
Large Class,osu.Game.Screens.OnlinePlay.Components.RoomManager,1,
Large Class,osu.Game.Screens.OnlinePlay.FooterButtonFreeMods,0,
Large Class,osu.Game.Screens.OnlinePlay.Match.Components.MatchChatDisplay,0,
Large Class,osu.Game.Screens.OnlinePlay.Match.Components.MatchLeaderboard,0,
Large Class,osu.Game.Screens.OnlinePlay.Multiplayer.CreateMultiplayerMatchButton,0,
Large Class,osu.Game.Screens.OnlinePlay.Multiplayer.Match.MultiplayerReadyButton,0,
Large Class,osu.Game.Screens.OnlinePlay.Multiplayer.Participants.StateDisplay,0,
Large Class,osu.Game.Screens.OnlinePlay.OnlinePlayScreen,2,
Large Class,osu.Game.Screens.OnlinePlay.Playlists.Playlists,0,
Large Class,osu.Game.Screens.Play.BeatmapMetadataDisplay,0,
Large Class,osu.Game.Screens.Play.GameplayBeatmap,0,
Large Class,osu.Game.Screens.Play.HUD.DefaultHealthDisplay,0,
Large Class,osu.Game.Screens.Play.HUD.GameplayLeaderboard,0,
Large Class,osu.Game.Screens.Play.HUD.HitErrorMeters.BarHitErrorMeter,2,
Large Class,osu.Game.Screens.Play.HUD.LegacyComboCounter,1,
Large Class,osu.Game.Screens.Play.HUD.PlayerSettingsOverlay,0,
Large Class,osu.Game.Screens.Play.KeyCounterDisplay,1,
Large Class,osu.Game.Screens.Play.KeyCounterMouse,0,
Large Class,osu.Game.Screens.Play.PauseOverlay,0,
Large Class,osu.Game.Screens.Play.PlayerSettings.VisualSettings,0,
Large Class,osu.Game.Screens.Play.SkipOverlay,1,
Large Class,osu.Game.Screens.Play.SongProgress,1,
Large Class,osu.Game.Screens.Play.Spectator,2,
Large Class,osu.Game.Screens.Play.SpectatorResultsScreen,0,
Large Class,osu.Game.Screens.Play.SquareGraph,2,
Large Class,osu.Game.Screens.Play.SquareGraph.Column,0,
Large Class,osu.Game.Screens.Ranking.Contracted.ContractedPanelMiddleContent,0,
Large Class,osu.Game.Screens.Ranking.Expanded.ExpandedPanelMiddleContent,0,
Large Class,osu.Game.Screens.Ranking.ScorePanel,2,
Large Class,osu.Game.Screens.Ranking.Statistics.SimpleStatisticTable,0,
Large Class,osu.Game.Screens.Select.BeatmapCarousel,3,
Large Class,osu.Game.Screens.Select.BeatmapDetails,2,
Large Class,osu.Game.Screens.Select.Carousel.CarouselGroup,0,
Large Class,osu.Game.Screens.Select.Carousel.DrawableCarouselBeatmapSet,1,
Large Class,osu.Game.Screens.Select.Details.AdvancedStats.StatisticRow,0,
Large Class,osu.Game.Screens.Select.FilterControl,0,
Large Class,osu.Game.Screens.Select.FilterQueryParser,1,
Large Class,osu.Game.Screens.Select.PlayBeatmapDetailArea,0,
Large Class,osu.Game.Skinning.DefaultSkin,0,
Large Class,osu.Game.Skinning.LegacyBeatmapSkin,0,
Large Class,osu.Game.Skinning.LegacyManiaSkinDecoder,0,
Large Class,osu.Game.Skinning.LegacySkin,3,
Large Class,osu.Game.Skinning.LegacySpriteText.LegacyGlyphStore,0,
Large Class,osu.Game.Skinning.PoolableSkinnableSample,1,
Large Class,osu.Game.Skinning.SkinFileInfo,0,
Large Class,osu.Game.Skinning.SkinnableDrawable,0,
Large Class,osu.Game.Storyboards.StoryboardSprite,2,
Large Class,osu.Game.Tournament.Components.TournamentBeatmapPanel,0,
Large Class,osu.Game.Tournament.Components.TourneyVideo,0,
Large Class,osu.Game.Tournament.IO.TournamentStorage,0,
Large Class,osu.Game.Tournament.Models.TournamentMatch,0,
Large Class,osu.Game.Tournament.Screens.Drawings.Components.Group,0,
Large Class,osu.Game.Tournament.Screens.Drawings.Components.ScrollingTeamContainer,2,
Large Class,osu.Game.Tournament.Screens.Drawings.Components.VisualiserContainer.VisualiserLine,0,
Large Class,osu.Game.Tournament.Screens.Editors.LadderEditorScreen.JoinVisualiser,0,
Large Class,osu.Game.Tournament.Screens.Editors.TeamEditorScreen.TeamRow.PlayerEditor.PlayerRow,0,
Large Class,osu.Game.Tournament.Screens.Gameplay.Components.MatchHeader,0,
Large Class,osu.Game.Tournament.Screens.Gameplay.Components.TeamScoreDisplay,0,
Large Class,osu.Game.Tournament.Screens.Ladder.Components.LadderEditorSettings,0,
Large Class,osu.Game.Tournament.TournamentSceneManager,2,
Large Class,osu.Game.Users.CountryStatistics,0,
Large Class,osu.Game.Utils.FormatUtils,0,
Large Class,Rssdp.Infrastructure.IEnumerableExtensions,0,
Large Class,Rssdp.SsdpDevice,1,
Large Class,Rssdp.Infrastructure.SsdpDeviceLocator,2,
Large Class,Rssdp.Infrastructure.SsdpDevicePublisher,3,
Large Class,ShareX.ApplicationConfig,1,
Large Class,ShareX.HelpersLib.BlackStyleForm,0,
Large Class,ShareX.HelpersLib.LabelNoCopy,0,
Large Class,ShareX.HelpersLib.DebugTimer,0,
Large Class,ShareX.HelpersLib.EnumExtensions,1,
Large Class,ShareX.HelpersLib.MyMessageBox,0,
Large Class,ShareX.HelpersLib.AnimatedGifCreator,0,
Large Class,ShareX.HelpersLib.Helpers,3,
Large Class,ShareX.HelpersLib.ImageHelpers,3,
Large Class,ShareX.HelpersLib.ImageFilesCache,0,
Large Class,ShareX.HelpersLib.HotkeyInfo,0,
Large Class,ShareX.HelpersLib.PrintSettings,0,
Large Class,ShareX.HelpersLib.RandomFast,0,
Large Class,ShareX.HelpersLib.SettingsBase,2,ShareX.HelpersLib.SettingsBase<T>
Large Class,ShareX.HelpersLib.ShareXResources,2,
Large Class,ShareX.HelpersLib.ShareXTheme,1,
Large Class,ShareX.HelpersLib.StringLineReader,0,
Large Class,ShareX.HelpersLib.CssFileNameEditor,0,
Large Class,ShareX.HelpersLib.JsonFileNameEditor,0,
Large Class,ShareX.HelpersLib.GitHubUpdateChecker.GitHubRelease,0,
Large Class,ShareX.HelpersLib.GitHubUpdateManager,0,
Large Class,ShareX.HelpersLib.UpdateChecker,1,
Large Class,ShareX.ImageEffectsLib.DrawImage,1,
Large Class,ShareX.ImageInfo,0,
Large Class,ShareX.IndexerLib.HtmlHelper,0,
Large Class,ShareX.IndexerLib.IndexerJson,0,
Large Class,ShareX.MediaLib.DirectShowDevices,0,
Large Class,ShareX.MediaLib.VideoConverterOptions,1,
Large Class,ShareX.Program,3,
Large Class,ShareX.ScreenCaptureLib.BaseAnimation,0,
Large Class,ShareX.ScreenCaptureLib.StickerImageListViewRenderer,0,
Large Class,ShareX.ScreenCaptureLib.LocationInfo,0,
Large Class,ShareX.ScreenCaptureLib.SnapSize,0,
Large Class,ShareX.ScreenCaptureLib.ImageScreenDrawingShape,0,
Large Class,ShareX.ScreenCaptureLib.TextDrawingOptions,0,
Large Class,ShareX.ScreenCaptureLib.BaseTool,0,
Large Class,ShareX.TaskInfo,1,
Large Class,ShareX.TaskManager,3,
Large Class,ShareX.UploadersLib.ImageUploader,0,
Large Class,ShareX.UploadersLib.FileUploaders.AmazonS3Settings,0,
Large Class,ShareX.UploadersLib.FileUploaders.AzureStorage,1,
Large Class,ShareX.UploadersLib.FileUploaders.DropboxFileUploaderService,0,
Large Class,ShareX.UploadersLib.FileUploaders.DropboxLinkMetadata,0,
Large Class,ShareX.UploadersLib.FileUploaders.DropboxListSharedLinksResult,0,
Large Class,ShareX.UploadersLib.FileUploaders.Email,0,
Large Class,ShareX.UploadersLib.FileUploaders.EmailFileUploaderService,0,
Large Class,ShareX.UploadersLib.FileUploaders.Lithiio.LithiioResponse,0,
Large Class,ShareX.UploadersLib.FileUploaders.MediaFire,1,
Large Class,ShareX.UploadersLib.FileUploaders.MediaFireFileUploaderService,0,
Large Class,ShareX.UploadersLib.FileUploaders.OneDrive,2,
Large Class,ShareX.UploadersLib.FileUploaders.UploadMetadataRequestFile,0,
Large Class,ShareX.UploadersLib.FileUploaders.Pushbullet,1,
Large Class,ShareX.UploadersLib.FileUploaders.PuushFileUploaderService,0,
Large Class,ShareX.UploadersLib.FileUploaders.Streamable,1,
Large Class,ShareX.UploadersLib.FileUploaders.Teknik,1,
Large Class,ShareX.UploadersLib.FileUploaders.VideoBin,0,
Large Class,ShareX.UploadersLib.FileUploaders.VideoBinFileUploaderService,0,
Large Class,ShareX.UploadersLib.FileUploaders.YouTube,0,
Large Class,ShareX.UploadersLib.FileUploaders.YouTubeVideoSnippet,0,
Large Class,ShareX.UploadersLib.CertFileNameEditor,0,
Large Class,ShareX.UploadersLib.EscapeHelper,0,
Large Class,ShareX.UploadersLib.KeyFileNameEditor,0,
Large Class,ShareX.UploadersLib.ImageUploaders.CustomImageUploader,0,
Large Class,ShareX.UploadersLib.ImageUploaders.FlickrUploader,1,
Large Class,ShareX.UploadersLib.ImageUploaders.GooglePhotosNewMediaItemResults,0,
Large Class,ShareX.UploadersLib.ImageUploaders.ImageShackOptions,0,
Large Class,ShareX.UploadersLib.ImageUploaders.UploadScreenshot,0,
Large Class,ShareX.UploadersLib.ImageUploaders.VgymeImageUploaderService,0,
Large Class,ShareX.UploadersLib.TextUploaders.GitHubGist,1,
Large Class,ShareX.UploadersLib.TextUploaders.OneTimeSecret.OneTimeSecretResponse,0,
Large Class,ShareX.UploadersLib.TextUploaders.SlexySettings,0,
Large Class,ShareX.UploadersLib.TextUploaders.Upaste.UpasteResponse,0,
Large Class,ShareX.UploadersLib.UploadersConfigValidator,0,
Large Class,ShareX.UploadersLib.URLShorteners.AdFlyURLShortenerService,0,
Large Class,ShareX.UploadersLib.URLShorteners.DynamicLinkInfo,0,
Large Class,ShareX.UploadersLib.URLShorteners.IsgdURLShortenerService,0,
Large Class,ShareX.UploadersLib.URLShorteners.TinyURLShortener,0,
Large Class,ShareX.UploadersLib.URLShorteners.ZeroWidthURLShortenerResponse,0,
Large Class,ShareX.UploadersLib.URLShorteners.ZeroWidthURLShortenerService,0,
Large Class,ShareX.WatchFolderManager,1,
Large Class,ShareX.WatchFolderSettings,0,
Large Class,ShopifySharp.Blog,0,
Large Class,ShopifySharp.Charge,0,
Large Class,ShopifySharp.Entities.FulfillmentOrderDestination,0,
Large Class,ShopifySharp.Order,2,
Large Class,ShopifySharp.PriceBasedShippingRate,0,
Large Class,ShopifySharp.RefundOrderAdjustment,0,
Large Class,ShopifySharp.ShippingZone,0,
Large Class,ShopifySharp.ShopifyObject,0,
Large Class,ShopifySharp.ShopifyPaymentsPayout,0,
Large Class,ShopifySharp.StringExtensions,0,
Large Class,ShopifySharp.Filters.CollectionProductsListFilter,0,
Large Class,ShopifySharp.Filters.CustomerSavedSearchCountFilter,0,
Large Class,ShopifySharp.Filters.InventoryItemListFilter,0,
Large Class,ShopifySharp.Filters.InventoryLevelListFilter,0,
Large Class,ShopifySharp.Filters.ListFilter,0,ShopifySharp.Filters.ListFilter<T>
Large Class,ShopifySharp.Filters.ProductImageCountFilter,0,
Large Class,ShopifySharp.Filters.ProductVariantListFilter,0,
Large Class,ShopifySharp.Filters.ShopifyPaymentsPayoutListFilter,0,
Large Class,ShopifySharp.Filters.UsageChargeListFilter,0,
Large Class,ShopifySharp.DefaultRequestExecutionPolicy,0,
Large Class,ShopifySharp.ApplicationCreditService,0,
Large Class,ShopifySharp.CarrierService,0,
Large Class,ShopifySharp.CustomerCreateOptions,0,
Large Class,ShopifySharp.RecurringChargeService,0,
Large Class,ShopifySharp.ShopifyService,3,
Large Class,Core2D.Configuration.Windows.WindowConfigurationFactory,0,
Large Class,Core2D.Converters.BaseShapeIconConverter,0,
Large Class,Core2D.DragAndDrop.Handlers.ListBoxDropHandler,0,
Large Class,Core2D.DragAndDrop.Handlers.ProjectTreeViewDropHandler,2,
Large Class,Core2D.Editor.AvaloniaEditorCanvasPlatform,0,
Large Class,Core2D.Layout.BoxLayout,2,
Large Class,Core2D.Modules.AvaloniaModule,0,
Large Class,Core2D.FileWriter.SkiaSharpJpeg.JpegSkiaSharpExporter,0,
Large Class,Core2D.FileWriter.SkiaSharpWebp.WebpSkiaSharpWriter,0,
Large Class,Core2D.Renderer.FillDrawNode,0,
Large Class,Core2D.Renderer.QuadraticBezierDrawNode,0,
Large Class,Core2D.Renderer.SkiaSharp.SkiaSharpSvgConverter,2,
Large Class,Core2D.Data.DataFlow,0,
Large Class,Core2D.Editor.AboutInfo,0,
Large Class,Core2D.Editor.Tools.Selection.ToolRectangleSelection,0,
Large Class,Core2D.Editor.Tools.ToolArc,2,
Large Class,Core2D.Path.PathSize,0,
Large Class,Core2D.Path.Segments.CubicBezierSegment,0,
Large Class,Core2D.Path.Segments.QuadraticBezierSegment,0,
Large Class,Core2D.Renderer.Presenters.TemplatePresenter,0,
Large Class,Core2D.Shapes.ImageShape,1,
Large Class,Core2D.Shapes.RectangleShape,1,
Large Class,Core2D.Views.Containers.DocumentContainerView,0,
Large Class,Core2D.Views.Containers.LayerContainerView,0,
Large Class,Core2D.Views.Data.DatabaseView,1,
Large Class,Core2D.Views.EditorMenuView,0,
Large Class,Core2D.Views.Libraries.ScriptsView,0,
Large Class,Core2D.Views.Shapes.PathShapeView,0,
Large Class,Core2D.Views.Style.ShapeStyleView,0,
Large Class,Core2D.Views.Style.TextStyleView,0,
Large Class,Lidgren.Network.NetXorEncryption,0,
Large Class,Lidgren.Network.NetBigInteger,3,
Large Class,Lidgren.Network.NetFragmentationHelper,1,
Large Class,Lidgren.Network.NetOutgoingMessage,0,
Large Class,Lidgren.Network.CryptoRandom,0,
Large Class,Lidgren.Network.NetSenderChannelBase,0,
Large Class,MonoGame.Content.Builder.MGBuildParser,3,
Large Class,MonoGame.Tools.Pipeline.ContentItem,1,
Large Class,MonoGame.Tools.Pipeline.ImporterConverter,0,
Large Class,MonoGame.Tools.Pipeline.MultiTargetPropertyDescriptor,0,
Large Class,MonoGame.Tools.Pipeline.PipelineProject,0,
Large Class,MonoGame.Tools.Pipeline.Utilities.ProcessStartInfoExtensions,1,
Large Class,MonoGame.Tools.Pipeline.DrawInfo,0,
Large Class,MonoGame.Content.Builder.SourceFileCollection,0,
Large Class,MonoGame.Effect.ShaderProfile,0,
Large Class,MonoGame.Effect.OpenGLShaderProfile,0,
Large Class,MonoGame.Effect.TPGParser.ParseError,0,
Large Class,MonoGame.Effect.TPGParser.SamplerStateInfo,0,
Large Class,VelcroPhysics.Dynamics.BreakableBody,1,
Large Class,VelcroPhysics.Settings,1,
